{"cameraMode":{"drawMode":0,"name":"Shaded","section":"Shading Mode"},"sceneLighting":true,"audioPlay":false,"sceneViewState":{"m_AlwaysRefresh":false,"showFog":true,"showSkybox":true,"showFlares":true,"showImageEffects":true,"showParticleSystems":true,"showVisualEffectGraphs":true,"m_FxEnabled":true},"in2DMode":false,"pivot":{"x":0.41432738304138186,"y":0.789424479007721,"z":6.075529098510742},"rotation":{"x":-0.0002567234914749861,"y":-0.999285876750946,"z":0.006893911864608526,"w":-0.03719441592693329},"size":0.7539499998092651,"orthographic":false}